id;start_date;end_date;language
1;2024-03-04T07:06:20;2024-03-04T15:58:12;ENGLISH
2;2024-03-04T09:53:03;2024-03-04T12:47:04;ENGLISH
3;2024-03-04T17:57:25;2024-03-04T03:05:14;FRENCH
4;2024-03-04T15:10:27;2024-03-04T09:54:41;SPANISH
5;2024-03-04T05:02:16;2024-03-04T06:41:38;ENGLISH
6;2024-03-04T12:46:37;2024-03-04T01:22:35;ENGLISH
7;2024-03-04T14:27:38;2024-03-04T12:21:41;ENGLISH
8;2024-03-04T19:16:40;2024-03-03T22:16:20;SPANISH
9;2024-03-04T18:09:26;2024-03-04T16:23:16;SPANISH
10;2024-03-04T13:02:34;2024-03-04T10:59:49;SPANISH
